"","year","bay","site","julian","temperature","cod.age.0","pollock.age.0"
"1",2006,"Cook Bay","Bare North",194,NA,0,0
"2",2006,"Cook Bay","Bare North",199,NA,0,0
"3",2006,"Cook Bay","Eelgrass North",194,NA,8,0
"4",2006,"Cook Bay","Eelgrass North",199,NA,64,0
"5",2006,"Cook Bay","Eelgrass South",194,NA,194,2
"6",2006,"Cook Bay","Eelgrass South",199,NA,280,10
"7",2006,"Cook Bay","Eelgrass West",199,NA,180,10
"8",2006,"Cook Bay","Laminaria East",194,NA,132,0
"9",2006,"Cook Bay","Laminaria East",199,NA,230,10
"10",2006,"Cook Bay","Laminaria South",194,NA,40,4
"11",2006,"Cook Bay","Laminaria South",199,NA,120,0
"12",2006,"Cook Bay","Middle Cove",194,NA,0,2
"13",2006,"Cook Bay","Middle Cove",199,NA,16,0
"14",2006,"Anton Larson Bay","Back Bay eelgrass",196,12.3,18,0
"15",2006,"Anton Larson Bay","Back Bay eelgrass",197,11.4,21,0
"16",2006,"Anton Larson Bay","Back Bay eelgrass",198,NA,38,0
"17",2006,"Anton Larson Bay","Cobble point",196,NA,2,0
"18",2006,"Anton Larson Bay","Cobble point",197,11.7,2,0
"19",2006,"Anton Larson Bay","Cobble point",198,NA,2,0
"20",2006,"Anton Larson Bay","Eelgrass patches",196,14.8,30,5
"21",2006,"Anton Larson Bay","Eelgrass patches",198,NA,90,0
"22",2006,"Anton Larson Bay","Eelgrass point",195,NA,76,5
"23",2006,"Anton Larson Bay","Eelgrass point",196,NA,6,0
"24",2006,"Anton Larson Bay","Eelgrass point",197,11.9,82,0
"25",2006,"Anton Larson Bay","Eelgrass point",198,10.7,0,0
"26",2006,"Anton Larson Bay","Laminaria #2",196,10.9,189,0
"27",2006,"Anton Larson Bay","Laminaria #2",197,11.7,534,56
"28",2006,"Anton Larson Bay","Laminaria #2",198,10.4,0,0
"29",2006,"Anton Larson Bay","Laminaria Point",196,NA,254,38
"30",2006,"Anton Larson Bay","Laminaria Point",197,11.8,134,4
"31",2006,"Anton Larson Bay","Laminaria Point",198,11.2,57,0
"32",2006,"Anton Larson Bay","White rock",195,NA,0,0
"33",2006,"Anton Larson Bay","White rock",196,14.1,0,0
"34",2006,"Anton Larson Bay","White rock",197,14.1,0,0
"35",2006,"Anton Larson Bay","White rock",198,10.9,0,0
"36",2006,"Anton Larson Bay","Wooden boat",195,NA,662,45
"37",2006,"Anton Larson Bay","Wooden boat",196,13,68,7
"38",2006,"Anton Larson Bay","Wooden boat",197,11,1128,140
"39",2006,"Cook Bay","Bare North",237,11.1,40,0
"40",2006,"Cook Bay","Bare North",239,NA,25,0
"41",2006,"Cook Bay","Bare North",240,NA,12,0
"42",2006,"Cook Bay","Eelgrass North",237,10.7,112,0
"43",2006,"Cook Bay","Eelgrass North",239,NA,81,0
"44",2006,"Cook Bay","Eelgrass North",240,NA,165,0
"45",2006,"Cook Bay","Eelgrass South",237,10.4,495,3
"46",2006,"Cook Bay","Eelgrass South",239,NA,210,0
"47",2006,"Cook Bay","Eelgrass South",240,NA,150,0
"48",2006,"Cook Bay","Eelgrass West",237,10.6,97,2
"49",2006,"Cook Bay","Eelgrass West",239,NA,84,0
"50",2006,"Cook Bay","Eelgrass West",240,NA,122,0
"51",2006,"Cook Bay","Laminaria East",237,NA,302,0
"52",2006,"Cook Bay","Laminaria East",239,NA,160,0
"53",2006,"Cook Bay","Laminaria East",240,10.8,108,0
"54",2006,"Cook Bay","Laminaria North",237,10.7,74,0
"55",2006,"Cook Bay","Laminaria North",239,NA,122,0
"56",2006,"Cook Bay","Laminaria North",240,NA,120,0
"57",2006,"Cook Bay","Laminaria South",237,10.4,149,2
"58",2006,"Cook Bay","Laminaria South",239,NA,54,0
"59",2006,"Cook Bay","Laminaria South",240,11.7,112,0
"60",2006,"Cook Bay","Middle Cove",237,10.5,55,0
"61",2006,"Cook Bay","Middle Cove",239,NA,48,0
"62",2006,"Cook Bay","Middle Cove",240,NA,80,0
"63",2006,"Anton Larson Bay","Back Bay eelgrass",231,11.8,45,0
"64",2006,"Anton Larson Bay","Back Bay eelgrass",232,12.1,16,0
"65",2006,"Anton Larson Bay","Back Bay eelgrass",233,12.4,30,0
"66",2006,"Anton Larson Bay","Cobble point",231,11.4,10,0
"67",2006,"Anton Larson Bay","Cobble point",232,11.1,7,0
"68",2006,"Anton Larson Bay","Cobble point",233,11.2,1,0
"69",2006,"Anton Larson Bay","Eelgrass patches",231,NA,29,0
"70",2006,"Anton Larson Bay","Eelgrass patches",232,10.5,25,0
"71",2006,"Anton Larson Bay","Eelgrass patches",233,10.7,2,0
"72",2006,"Anton Larson Bay","Eelgrass point",231,10.6,62,10
"73",2006,"Anton Larson Bay","Eelgrass point",232,10.4,9,3
"74",2006,"Anton Larson Bay","Eelgrass point",233,11.1,10,6
"75",2006,"Anton Larson Bay","Laminaria #2",231,10.4,55,0
"76",2006,"Anton Larson Bay","Laminaria #2",232,12,43,0
"77",2006,"Anton Larson Bay","Laminaria #2",233,11.6,72,0
"78",2006,"Anton Larson Bay","Laminaria Point",231,10.8,94,3
"79",2006,"Anton Larson Bay","Laminaria Point",232,10.8,34,0
"80",2006,"Anton Larson Bay","Laminaria Point",233,11.1,28,0
"81",2006,"Anton Larson Bay","White rock",231,11.2,0,0
"82",2006,"Anton Larson Bay","White rock",232,11.6,0,0
"83",2006,"Anton Larson Bay","White rock",233,11.8,3,0
"84",2006,"Anton Larson Bay","Wooden boat",231,10.7,11,0
"85",2006,"Anton Larson Bay","Wooden boat",232,12.2,224,0
"86",2006,"Anton Larson Bay","Wooden boat",233,11.2,28,0
"87",2007,"Cook Bay","Bare North",205,9.8,0,0
"88",2007,"Cook Bay","Bare North",207,9.7,0,0
"89",2007,"Cook Bay","Eelgrass North",205,9.6,8,0
"90",2007,"Cook Bay","Eelgrass North",207,9.9,2,0
"91",2007,"Cook Bay","Eelgrass South",205,10.5,0,0
"92",2007,"Cook Bay","Eelgrass South",207,10.1,9,0
"93",2007,"Cook Bay","Eelgrass West",205,10,27,0
"94",2007,"Cook Bay","Eelgrass West",207,9.7,1,0
"95",2007,"Cook Bay","Laminaria East",205,9.9,8,0
"96",2007,"Cook Bay","Laminaria East",207,10,8,0
"97",2007,"Cook Bay","Laminaria North",205,9.6,1,0
"98",2007,"Cook Bay","Laminaria North",207,9.7,1,0
"99",2007,"Cook Bay","Laminaria South",205,10.4,0,0
"100",2007,"Cook Bay","Laminaria South",207,10.1,0,0
"101",2007,"Cook Bay","Middle Cove",205,9.9,1,0
"102",2007,"Cook Bay","Middle Cove",207,9.9,6,0
"103",2007,"Anton Larson Bay","Back Bay eelgrass",201,NA,0,0
"104",2007,"Anton Larson Bay","Back Bay eelgrass",202,12,0,0
"105",2007,"Anton Larson Bay","Cobble point",201,NA,0,0
"106",2007,"Anton Larson Bay","Eelgrass patches",201,NA,8,0
"107",2007,"Anton Larson Bay","Eelgrass patches",202,9.7,39,2
"108",2007,"Anton Larson Bay","Eelgrass point",201,NA,82,0
"109",2007,"Anton Larson Bay","Eelgrass point",202,9.3,57,0
"110",2007,"Anton Larson Bay","Laminaria #2",201,NA,0,0
"111",2007,"Anton Larson Bay","Laminaria #2",202,11.1,0,0
"112",2007,"Anton Larson Bay","Laminaria Point",201,NA,3,0
"113",2007,"Anton Larson Bay","Laminaria Point",202,8.3,13,0
"114",2007,"Anton Larson Bay","White rock",201,NA,0,0
"115",2007,"Anton Larson Bay","White rock",202,9.2,0,0
"116",2007,"Anton Larson Bay","Wooden boat",201,NA,0,0
"117",2007,"Anton Larson Bay","Wooden boat",202,NA,0,0
"118",2007,"Cook Bay","Bare North",238,NA,0,0
"119",2007,"Cook Bay","Eelgrass North",238,NA,0,0
"120",2007,"Cook Bay","Eelgrass South",238,NA,0,0
"121",2007,"Cook Bay","Eelgrass West",238,NA,0,0
"122",2007,"Cook Bay","Laminaria East",238,NA,4,0
"123",2007,"Cook Bay","Laminaria North",238,NA,0,0
"124",2007,"Cook Bay","Laminaria South",238,NA,0,0
"125",2007,"Cook Bay","Middle Cove",238,NA,0,0
"126",2007,"Anton Larson Bay","Back Bay eelgrass",235,NA,2,0
"127",2007,"Anton Larson Bay","Back Bay eelgrass",236,NA,0,0
"128",2007,"Anton Larson Bay","Cobble point",235,NA,0,0
"129",2007,"Anton Larson Bay","Eelgrass patches",235,NA,11,0
"130",2007,"Anton Larson Bay","Eelgrass patches",236,NA,13,0
"131",2007,"Anton Larson Bay","Eelgrass point",235,NA,24,0
"132",2007,"Anton Larson Bay","Eelgrass point",236,NA,10,0
"133",2007,"Anton Larson Bay","Laminaria #2",235,NA,0,0
"134",2007,"Anton Larson Bay","Laminaria #2",236,NA,2,0
"135",2007,"Anton Larson Bay","Laminaria Point",235,NA,6,0
"136",2007,"Anton Larson Bay","Laminaria Point",236,NA,0,0
"137",2007,"Anton Larson Bay","White rock",235,NA,0,0
"138",2007,"Anton Larson Bay","White rock",236,NA,0,0
"139",2007,"Anton Larson Bay","Wooden boat",235,NA,0,0
"140",2007,"Anton Larson Bay","Wooden boat",236,NA,0,0
"141",2008,"Cook Bay","Bare North",200,NA,0,0
"142",2008,"Cook Bay","Bare North",201,10.5,0,0
"143",2008,"Cook Bay","Eelgrass North",200,NA,50,1
"144",2008,"Cook Bay","Eelgrass South",200,NA,293,4
"145",2008,"Cook Bay","Eelgrass South",201,9.8,71,5
"146",2008,"Cook Bay","Eelgrass West",200,NA,94,0
"147",2008,"Cook Bay","Eelgrass West",201,12.3,22,0
"148",2008,"Cook Bay","Laminaria East",200,NA,4,0
"149",2008,"Cook Bay","Laminaria East",201,9.1,18,0
"150",2008,"Cook Bay","Laminaria North",200,NA,0,0
"151",2008,"Cook Bay","Laminaria North",201,9.8,3,0
"152",2008,"Cook Bay","Laminaria South",200,NA,3,1
"153",2008,"Cook Bay","Laminaria South",201,9.6,2,0
"154",2008,"Cook Bay","Middle Cove",200,NA,0,0
"155",2008,"Cook Bay","Middle Cove",201,9.1,0,0
"156",2008,"Anton Larson Bay","Back Bay eelgrass",196,NA,2,0
"157",2008,"Anton Larson Bay","Back Bay eelgrass",198,11.1,0,0
"158",2008,"Anton Larson Bay","Cobble point",196,NA,18,2
"159",2008,"Anton Larson Bay","Cobble point",198,NA,54,0
"160",2008,"Anton Larson Bay","Eelgrass patches",196,NA,144,0
"161",2008,"Anton Larson Bay","Eelgrass patches",198,NA,26,0
"162",2008,"Anton Larson Bay","Eelgrass point",196,9.4,169,0
"163",2008,"Anton Larson Bay","Eelgrass point",198,11.1,860,8
"164",2008,"Anton Larson Bay","Laminaria #2",196,12.1,1,0
"165",2008,"Anton Larson Bay","Laminaria #2",198,11.5,0,0
"166",2008,"Anton Larson Bay","Laminaria Point",196,NA,2,0
"167",2008,"Anton Larson Bay","Laminaria Point",198,NA,3,0
"168",2008,"Anton Larson Bay","White rock",196,NA,0,0
"169",2008,"Anton Larson Bay","White rock",198,11.5,0,0
"170",2008,"Anton Larson Bay","Wooden boat",196,NA,0,0
"171",2008,"Anton Larson Bay","Wooden boat",198,NA,0,0
"172",2008,"Cook Bay","Bare North",239,NA,1,0
"173",2008,"Cook Bay","Bare North",240,11,1,0
"174",2008,"Cook Bay","Eelgrass North",239,NA,0,0
"175",2008,"Cook Bay","Eelgrass North",240,NA,10,0
"176",2008,"Cook Bay","Eelgrass South",239,NA,26,0
"177",2008,"Cook Bay","Eelgrass South",240,10.3,30,0
"178",2008,"Cook Bay","Eelgrass West",239,NA,17,0
"179",2008,"Cook Bay","Eelgrass West",240,10.9,21,0
"180",2008,"Cook Bay","Laminaria East",239,NA,6,0
"181",2008,"Cook Bay","Laminaria East",240,10.4,7,0
"182",2008,"Cook Bay","Laminaria North",239,NA,7,0
"183",2008,"Cook Bay","Laminaria North",240,10.8,4,0
"184",2008,"Cook Bay","Laminaria South",239,NA,1,0
"185",2008,"Cook Bay","Laminaria South",240,10.4,0,0
"186",2008,"Cook Bay","Middle Cove",239,NA,16,0
"187",2008,"Cook Bay","Middle Cove",240,NA,22,6
"188",2008,"Anton Larson Bay","Back Bay eelgrass",236,NA,6,0
"189",2008,"Anton Larson Bay","Back Bay eelgrass",238,11.3,1,0
"190",2008,"Anton Larson Bay","Cobble point",236,10.9,25,1
"191",2008,"Anton Larson Bay","Cobble point",238,NA,1,0
"192",2008,"Anton Larson Bay","Eelgrass patches",236,10.9,15,5
"193",2008,"Anton Larson Bay","Eelgrass patches",238,11.7,17,9
"194",2008,"Anton Larson Bay","Eelgrass point",236,NA,40,0
"195",2008,"Anton Larson Bay","Eelgrass point",238,10.6,32,16
"196",2008,"Anton Larson Bay","Laminaria #2",236,NA,0,0
"197",2008,"Anton Larson Bay","Laminaria #2",238,10.7,0,0
"198",2008,"Anton Larson Bay","Laminaria Point",236,NA,0,0
"199",2008,"Anton Larson Bay","Laminaria Point",238,10.9,0,0
"200",2008,"Anton Larson Bay","White rock",236,NA,0,0
"201",2008,"Anton Larson Bay","White rock",238,NA,0,0
"202",2008,"Anton Larson Bay","Wooden boat",236,NA,0,0
"203",2008,"Anton Larson Bay","Wooden boat",238,11.2,0,0
"204",2009,"Cook Bay","Bare North",196,12.3,1,0
"205",2009,"Cook Bay","Bare North",196,11.7,0,0
"206",2009,"Cook Bay","Eelgrass North",196,11.8,0,0
"207",2009,"Cook Bay","Eelgrass North",196,12.5,0,0
"208",2009,"Cook Bay","Eelgrass South",196,11.2,41,0
"209",2009,"Cook Bay","Eelgrass South",196,11.6,26,1
"210",2009,"Cook Bay","Eelgrass West",196,12.2,0,0
"211",2009,"Cook Bay","Eelgrass West",196,11,0,0
"212",2009,"Cook Bay","Laminaria East",196,11.6,1,0
"213",2009,"Cook Bay","Laminaria East",196,11.3,1,0
"214",2009,"Cook Bay","Laminaria North",196,11.3,0,0
"215",2009,"Cook Bay","Laminaria North",196,12.2,0,0
"216",2009,"Cook Bay","Laminaria South",196,12.5,0,0
"217",2009,"Cook Bay","Laminaria South",196,13,0,0
"218",2009,"Cook Bay","Middle Cove",196,12.4,1,0
"219",2009,"Cook Bay","Middle Cove",196,11.5,0,0
"220",2009,"Anton Larson Bay","Back Bay eelgrass",195,12.1,0,0
"221",2009,"Anton Larson Bay","Cobble point",194,14.5,0,0
"222",2009,"Anton Larson Bay","Cobble point",195,12.2,0,0
"223",2009,"Anton Larson Bay","Eelgrass patches",194,14.8,10,0
"224",2009,"Anton Larson Bay","Eelgrass patches",195,12.2,96,0
"225",2009,"Anton Larson Bay","Eelgrass point",194,13.9,0,1
"226",2009,"Anton Larson Bay","Eelgrass point",195,11.1,8,0
"227",2009,"Anton Larson Bay","Laminaria #2",194,12.9,0,0
"228",2009,"Anton Larson Bay","Laminaria #2",195,11.9,0,0
"229",2009,"Anton Larson Bay","Laminaria Point",194,13.9,2,0
"230",2009,"Anton Larson Bay","Laminaria Point",195,11.7,1,0
"231",2009,"Anton Larson Bay","White rock",194,12.6,0,0
"232",2009,"Anton Larson Bay","White rock",195,11.7,0,0
"233",2009,"Anton Larson Bay","Wooden boat",194,11.9,0,0
"234",2009,"Anton Larson Bay","Wooden boat",195,12.3,0,0
"235",2009,"Cook Bay","Bare North",238,9.7,0,0
"236",2009,"Cook Bay","Bare North",241,NA,0,0
"237",2009,"Cook Bay","Eelgrass North",238,9.7,0,0
"238",2009,"Cook Bay","Eelgrass North",242,NA,1,0
"239",2009,"Cook Bay","Eelgrass South",238,10.4,75,0
"240",2009,"Cook Bay","Eelgrass South",241,NA,1275,7
"241",2009,"Cook Bay","Eelgrass West",238,10,1,0
"242",2009,"Cook Bay","Eelgrass West",241,NA,204,5
"243",2009,"Cook Bay","Laminaria East",238,9.8,35,1
"244",2009,"Cook Bay","Laminaria East",241,NA,161,5
"245",2009,"Cook Bay","Laminaria North",238,9.6,0,0
"246",2009,"Cook Bay","Laminaria North",241,NA,1,0
"247",2009,"Cook Bay","Laminaria South",238,10.3,0,0
"248",2009,"Cook Bay","Laminaria South",241,NA,0,0
"249",2009,"Cook Bay","Middle Cove",238,9.7,19,0
"250",2009,"Cook Bay","Middle Cove",241,NA,69,0
"251",2009,"Anton Larson Bay","Back Bay eelgrass",235,NA,0,0
"252",2009,"Anton Larson Bay","Back Bay eelgrass",237,NA,0,0
"253",2009,"Anton Larson Bay","Cobble point",235,10.6,0,0
"254",2009,"Anton Larson Bay","Cobble point",236,10.2,0,0
"255",2009,"Anton Larson Bay","Eelgrass patches",235,10.8,3,0
"256",2009,"Anton Larson Bay","Eelgrass patches",236,10.2,16,0
"257",2009,"Anton Larson Bay","Eelgrass point",235,10.4,0,0
"258",2009,"Anton Larson Bay","Eelgrass point",236,10.2,1,0
"259",2009,"Anton Larson Bay","Laminaria #2",235,10.5,0,0
"260",2009,"Anton Larson Bay","Laminaria #2",236,11,0,0
"261",2009,"Anton Larson Bay","Laminaria Point",235,9.9,0,0
"262",2009,"Anton Larson Bay","Laminaria Point",236,9.8,0,0
"263",2009,"Anton Larson Bay","White rock",235,10.4,19,0
"264",2009,"Anton Larson Bay","White rock",236,10.1,0,0
"265",2009,"Anton Larson Bay","Wooden boat",236,11.5,0,0
"266",2009,"Anton Larson Bay","Wooden boat",237,NA,0,0
"267",2010,"Cook Bay","Bare North",200,10.5,0,0
"268",2010,"Cook Bay","Bare North",201,10.5,0,0
"269",2010,"Cook Bay","Eelgrass North",200,11.3,1,0
"270",2010,"Cook Bay","Eelgrass North",201,11.4,0,0
"271",2010,"Cook Bay","Eelgrass South",200,11.3,155,9
"272",2010,"Cook Bay","Eelgrass South",201,10,83,0
"273",2010,"Cook Bay","Eelgrass West",200,10.8,1,0
"274",2010,"Cook Bay","Eelgrass West",201,12,0,0
"275",2010,"Cook Bay","Laminaria East",200,10.8,0,0
"276",2010,"Cook Bay","Laminaria East",201,10,1,0
"277",2010,"Cook Bay","Laminaria North",200,10.8,0,0
"278",2010,"Cook Bay","Laminaria North",201,11.4,0,0
"279",2010,"Cook Bay","Laminaria South",200,10.8,0,0
"280",2010,"Cook Bay","Laminaria South",201,10.1,0,0
"281",2010,"Cook Bay","Middle Cove",200,10.8,0,0
"282",2010,"Cook Bay","Middle Cove",201,10,297,2
"283",2010,"Anton Larson Bay","Back Bay eelgrass",195,11.9,0,0
"284",2010,"Anton Larson Bay","Back Bay eelgrass",197,NA,0,0
"285",2010,"Anton Larson Bay","Cobble point",195,10.4,35,1
"286",2010,"Anton Larson Bay","Cobble point",196,NA,2,0
"287",2010,"Anton Larson Bay","Eelgrass patches",195,10.2,2,0
"288",2010,"Anton Larson Bay","Eelgrass patches",196,NA,10,0
"289",2010,"Anton Larson Bay","Eelgrass point",195,10.2,0,0
"290",2010,"Anton Larson Bay","Eelgrass point",196,NA,1,0
"291",2010,"Anton Larson Bay","Laminaria #2",195,10.4,0,0
"292",2010,"Anton Larson Bay","Laminaria #2",197,NA,0,0
"293",2010,"Anton Larson Bay","Laminaria Point",195,9.3,11,0
"294",2010,"Anton Larson Bay","Laminaria Point",196,NA,4,0
"295",2010,"Anton Larson Bay","White rock",196,NA,12,1
"296",2010,"Anton Larson Bay","Wooden boat",195,9.9,0,0
"297",2010,"Anton Larson Bay","Wooden boat",197,NA,0,0
"298",2010,"Cook Bay","Bare North",235,11.6,0,0
"299",2010,"Cook Bay","Bare North",239,NA,0,0
"300",2010,"Cook Bay","Eelgrass North",235,NA,0,0
"301",2010,"Cook Bay","Eelgrass North",239,NA,0,0
"302",2010,"Cook Bay","Eelgrass South",235,11.5,23,3
"303",2010,"Cook Bay","Eelgrass South",239,NA,18,0
"304",2010,"Cook Bay","Eelgrass West",235,11.9,1,0
"305",2010,"Cook Bay","Eelgrass West",239,NA,0,1
"306",2010,"Cook Bay","Laminaria East",235,12,0,0
"307",2010,"Cook Bay","Laminaria East",239,11.2,8,0
"308",2010,"Cook Bay","Laminaria East",239,NA,0,0
"309",2010,"Cook Bay","Laminaria North",235,NA,0,0
"310",2010,"Cook Bay","Laminaria North",239,NA,0,0
"311",2010,"Cook Bay","Laminaria South",235,11.7,0,0
"312",2010,"Cook Bay","Laminaria South",239,11,0,1
"313",2010,"Cook Bay","Middle Cove",235,11.6,0,0
"314",2010,"Anton Larson Bay","Back Bay eelgrass",236,NA,6,0
"315",2010,"Anton Larson Bay","Back Bay eelgrass",237,12.6,0,0
"316",2010,"Anton Larson Bay","Cobble point",236,11.2,0,0
"317",2010,"Anton Larson Bay","Cobble point",237,10.7,2,0
"318",2010,"Anton Larson Bay","Eelgrass patches",236,11.4,1,0
"319",2010,"Anton Larson Bay","Eelgrass patches",237,11.8,0,0
"320",2010,"Anton Larson Bay","Eelgrass point",236,10.6,0,0
"321",2010,"Anton Larson Bay","Eelgrass point",237,10.5,0,0
"322",2010,"Anton Larson Bay","Laminaria #2",236,12.8,0,0
"323",2010,"Anton Larson Bay","Laminaria #2",237,11.6,0,0
"324",2010,"Anton Larson Bay","Laminaria Point",236,10.3,5,0
"325",2010,"Anton Larson Bay","Laminaria Point",237,11.6,1,0
"326",2010,"Anton Larson Bay","White rock",195,10.4,1,0
"327",2010,"Anton Larson Bay","White rock",236,10.5,0,0
"328",2010,"Anton Larson Bay","White rock",237,11.2,0,0
"329",2010,"Anton Larson Bay","Wooden boat",236,NA,0,3
"330",2010,"Anton Larson Bay","Wooden boat",237,11.1,0,0
"331",2011,"Cook Bay","Bare North",200,NA,0,0
"332",2011,"Cook Bay","Eelgrass North",200,11.6,2,0
"333",2011,"Cook Bay","Eelgrass North",201,10.6,0,0
"334",2011,"Cook Bay","Eelgrass South",200,10.5,8,0
"335",2011,"Cook Bay","Eelgrass South",201,NA,0,0
"336",2011,"Cook Bay","Eelgrass West",200,10.7,38,0
"337",2011,"Cook Bay","Eelgrass West",201,10.5,105,0
"338",2011,"Cook Bay","Laminaria East",200,NA,2,0
"339",2011,"Cook Bay","Laminaria East",201,NA,6,0
"340",2011,"Cook Bay","Laminaria North",200,10.9,0,0
"341",2011,"Cook Bay","Laminaria North",201,10.4,0,0
"342",2011,"Cook Bay","Laminaria South",200,10.2,15,0
"343",2011,"Cook Bay","Laminaria South",201,NA,3,0
"344",2011,"Cook Bay","Middle Cove",200,10.3,0,0
"345",2011,"Cook Bay","Middle Cove",201,NA,170,0
"346",2011,"Anton Larson Bay","Back Bay eelgrass",193,NA,0,0
"347",2011,"Anton Larson Bay","Back Bay eelgrass",194,11.6,0,0
"348",2011,"Anton Larson Bay","Cobble point",193,NA,0,0
"349",2011,"Anton Larson Bay","Cobble point",194,10.6,5,3
"350",2011,"Anton Larson Bay","Eelgrass patches",193,NA,95,2
"351",2011,"Anton Larson Bay","Eelgrass patches",194,10.4,50,30
"352",2011,"Anton Larson Bay","Eelgrass point",193,NA,200,136
"353",2011,"Anton Larson Bay","Eelgrass point",194,10.2,210,140
"354",2011,"Anton Larson Bay","Laminaria #2",193,NA,0,0
"355",2011,"Anton Larson Bay","Laminaria #2",194,11.2,0,0
"356",2011,"Anton Larson Bay","Laminaria Point",193,NA,1,0
"357",2011,"Anton Larson Bay","Laminaria Point",194,10.2,0,1
"358",2011,"Anton Larson Bay","White rock",193,NA,1,0
"359",2011,"Anton Larson Bay","White rock",194,10.6,0,0
"360",2011,"Anton Larson Bay","Wooden boat",193,NA,0,0
"361",2011,"Anton Larson Bay","Wooden boat",194,11.2,0,0
"362",2011,"Cook Bay","Bare North",241,10.6,71,0
"363",2011,"Cook Bay","Eelgrass North",241,11.3,165,0
"364",2011,"Cook Bay","Eelgrass South",241,10.5,94,0
"365",2011,"Cook Bay","Eelgrass West",241,11.2,84,0
"366",2011,"Cook Bay","Laminaria East",241,10.3,173,0
"367",2011,"Cook Bay","Laminaria North",241,10.9,5,0
"368",2011,"Cook Bay","Laminaria South",241,10.3,45,0
"369",2011,"Cook Bay","Middle Cove",241,10.4,0,0
"370",2011,"Anton Larson Bay","Back Bay eelgrass",233,NA,1,0
"371",2011,"Anton Larson Bay","Back Bay eelgrass",234,11.7,0,0
"372",2011,"Anton Larson Bay","Cobble point",233,NA,4,0
"373",2011,"Anton Larson Bay","Cobble point",234,11.5,3,1
"374",2011,"Anton Larson Bay","Eelgrass patches",233,NA,0,0
"375",2011,"Anton Larson Bay","Eelgrass patches",234,11.6,0,0
"376",2011,"Anton Larson Bay","Eelgrass point",233,NA,9,0
"377",2011,"Anton Larson Bay","Eelgrass point",234,11.8,0,0
"378",2011,"Anton Larson Bay","Laminaria #2",233,NA,10,0
"379",2011,"Anton Larson Bay","Laminaria #2",234,11.3,0,0
"380",2011,"Anton Larson Bay","Laminaria Point",233,NA,0,0
"381",2011,"Anton Larson Bay","Laminaria Point",234,11.8,0,0
"382",2011,"Anton Larson Bay","White rock",233,NA,0,0
"383",2011,"Anton Larson Bay","White rock",234,11.2,0,0
"384",2011,"Anton Larson Bay","Wooden boat",233,NA,0,0
"385",2011,"Anton Larson Bay","Wooden boat",234,11.4,0,0
"386",2012,"Cook Bay","Bare North",200,10.3,21,0
"387",2012,"Cook Bay","Eelgrass North",200,9.9,86,1
"388",2012,"Cook Bay","Eelgrass South",200,10.1,440,0
"389",2012,"Cook Bay","Eelgrass West",200,NA,329,4
"390",2012,"Cook Bay","Laminaria East",200,NA,731,272
"391",2012,"Cook Bay","Laminaria North",200,10.6,35,0
"392",2012,"Cook Bay","Laminaria South",200,10.3,346,0
"393",2012,"Cook Bay","Middle Cove",200,NA,958,199
"394",2012,"Anton Larson Bay","Back Bay eelgrass",195,11.1,0,0
"395",2012,"Anton Larson Bay","Back Bay eelgrass",196,11.8,0,0
"396",2012,"Anton Larson Bay","Cobble point",195,9.8,482,66
"397",2012,"Anton Larson Bay","Eelgrass patches",195,10.5,258,21
"398",2012,"Anton Larson Bay","Eelgrass patches",195,NA,258,21
"399",2012,"Anton Larson Bay","Eelgrass patches",197,NA,1,0
"400",2012,"Anton Larson Bay","Eelgrass point",195,10.9,491,222
"401",2012,"Anton Larson Bay","Eelgrass point",196,10.2,1059,169
"402",2012,"Anton Larson Bay","Laminaria #2",195,10.7,455,4
"403",2012,"Anton Larson Bay","Laminaria #2",196,NA,340,0
"404",2012,"Anton Larson Bay","Laminaria Point",195,10.1,238,56
"405",2012,"Anton Larson Bay","Laminaria Point",196,10.6,322,13
"406",2012,"Anton Larson Bay","White rock",195,9.2,3,1
"407",2012,"Anton Larson Bay","White rock",196,11.6,4,0
"408",2012,"Anton Larson Bay","Wooden boat",195,10.5,0,0
"409",2012,"Anton Larson Bay","Wooden boat",196,11.3,0,0
"410",2012,"Cook Bay","Bare North",242,10.7,36,0
"411",2012,"Cook Bay","Eelgrass North",242,10.8,8,0
"412",2012,"Cook Bay","Eelgrass South",242,10.2,183,0
"413",2012,"Cook Bay","Eelgrass West",242,10.5,44,0
"414",2012,"Cook Bay","Laminaria East",242,10.3,61,0
"415",2012,"Cook Bay","Laminaria North",242,10.7,34,0
"416",2012,"Cook Bay","Laminaria South",242,10.2,30,0
"417",2012,"Cook Bay","Middle Cove",242,10.5,121,0
"418",2012,"Anton Larson Bay","Back Bay eelgrass",236,NA,35,0
"419",2012,"Anton Larson Bay","Back Bay eelgrass",237,10.4,45,0
"420",2012,"Anton Larson Bay","Cobble point",236,NA,7,0
"421",2012,"Anton Larson Bay","Cobble point",237,9.8,17,0
"422",2012,"Anton Larson Bay","Eelgrass patches",236,NA,57,0
"423",2012,"Anton Larson Bay","Eelgrass patches",237,9.7,10,0
"424",2012,"Anton Larson Bay","Eelgrass point",236,NA,10,0
"425",2012,"Anton Larson Bay","Eelgrass point",237,9.9,13,2
"426",2012,"Anton Larson Bay","Laminaria #2",236,NA,9,0
"427",2012,"Anton Larson Bay","Laminaria #2",237,10.2,29,0
"428",2012,"Anton Larson Bay","Laminaria Point",236,NA,13,0
"429",2012,"Anton Larson Bay","Laminaria Point",237,9.5,45,1
"430",2012,"Anton Larson Bay","White rock",236,NA,1,0
"431",2012,"Anton Larson Bay","White rock",237,10.1,0,0
"432",2012,"Anton Larson Bay","Wooden boat",236,NA,3,0
"433",2012,"Anton Larson Bay","Wooden boat",237,10,4,0
"434",2013,"Cook Bay","Bare North",206,11,0,0
"435",2013,"Cook Bay","Bare North",207,11.2,0,0
"436",2013,"Cook Bay","Eelgrass North",206,12.4,0,0
"437",2013,"Cook Bay","Eelgrass North",207,11.1,0,0
"438",2013,"Cook Bay","Eelgrass South",206,10.8,150,16
"439",2013,"Cook Bay","Eelgrass South",207,12,85,136
"440",2013,"Cook Bay","Eelgrass West",206,12.5,53,156
"441",2013,"Cook Bay","Eelgrass West",207,12,18,0
"442",2013,"Cook Bay","Laminaria East",206,10.7,0,0
"443",2013,"Cook Bay","Laminaria East",207,10.5,0,0
"444",2013,"Cook Bay","Laminaria North",206,11.5,0,0
"445",2013,"Cook Bay","Laminaria North",207,11.1,0,0
"446",2013,"Cook Bay","Laminaria South",206,10.9,0,0
"447",2013,"Cook Bay","Laminaria South",207,11.3,0,0
"448",2013,"Cook Bay","Middle Cove",207,10.9,0,0
"449",2013,"Anton Larson Bay","Back Bay eelgrass",204,13.8,0,0
"450",2013,"Anton Larson Bay","Back Bay eelgrass",205,14.1,0,0
"451",2013,"Anton Larson Bay","Cobble point",204,12,11,0
"452",2013,"Anton Larson Bay","Cobble point",205,11.7,3,0
"453",2013,"Anton Larson Bay","Eelgrass patches",204,11.8,0,0
"454",2013,"Anton Larson Bay","Eelgrass patches",205,10.8,1,0
"455",2013,"Anton Larson Bay","Eelgrass point",204,11.5,43,0
"456",2013,"Anton Larson Bay","Eelgrass point",205,11,11,0
"457",2013,"Anton Larson Bay","Laminaria #2",204,12.8,0,0
"458",2013,"Anton Larson Bay","Laminaria #2",205,13.2,0,0
"459",2013,"Anton Larson Bay","Laminaria Point",204,11.8,0,0
"460",2013,"Anton Larson Bay","Laminaria Point",205,10.7,2,0
"461",2013,"Anton Larson Bay","White rock",204,13.1,0,0
"462",2013,"Anton Larson Bay","White rock",205,13,0,0
"463",2013,"Anton Larson Bay","Wooden boat",204,12.9,0,0
"464",2013,"Anton Larson Bay","Wooden boat",205,12.6,0,0
"465",2013,"Cook Bay","Bare North",240,10.1,8,0
"466",2013,"Cook Bay","Bare North",242,10.4,22,0
"467",2013,"Cook Bay","Eelgrass North",240,10.2,6,0
"468",2013,"Cook Bay","Eelgrass North",242,10.1,0,0
"469",2013,"Cook Bay","Eelgrass South",240,10.4,30,0
"470",2013,"Cook Bay","Eelgrass South",242,11.4,42,0
"471",2013,"Cook Bay","Eelgrass West",240,10.7,19,0
"472",2013,"Cook Bay","Eelgrass West",242,11.4,17,0
"473",2013,"Cook Bay","Laminaria East",240,10.2,17,0
"474",2013,"Cook Bay","Laminaria East",242,10.3,11,0
"475",2013,"Cook Bay","Laminaria North",240,10.2,6,0
"476",2013,"Cook Bay","Laminaria North",242,10.2,0,0
"477",2013,"Cook Bay","Laminaria South",240,10.1,17,1
"478",2013,"Cook Bay","Laminaria South",242,10.9,33,0
"479",2013,"Cook Bay","Middle Cove",240,10.1,5,0
"480",2013,"Cook Bay","Middle Cove",242,10.2,1,0
"481",2013,"Anton Larson Bay","Back Bay eelgrass",239,10.8,0,0
"482",2013,"Anton Larson Bay","Back Bay eelgrass",241,10.9,0,0
"483",2013,"Anton Larson Bay","Cobble point",239,10.3,7,6
"484",2013,"Anton Larson Bay","Cobble point",241,10.9,1,0
"485",2013,"Anton Larson Bay","Eelgrass patches",239,11.6,0,0
"486",2013,"Anton Larson Bay","Eelgrass patches",241,NA,0,0
"487",2013,"Anton Larson Bay","Eelgrass point",239,11,0,0
"488",2013,"Anton Larson Bay","Eelgrass point",241,10.2,0,1
"489",2013,"Anton Larson Bay","Laminaria #2",239,10.9,0,0
"490",2013,"Anton Larson Bay","Laminaria #2",241,10.1,0,0
"491",2013,"Anton Larson Bay","Laminaria Point",239,11,0,0
"492",2013,"Anton Larson Bay","Laminaria Point",241,9.7,0,0
"493",2013,"Anton Larson Bay","White rock",239,11.4,0,0
"494",2013,"Anton Larson Bay","White rock",241,11.4,0,0
"495",2013,"Anton Larson Bay","Wooden boat",239,10.8,0,0
"496",2013,"Anton Larson Bay","Wooden boat",241,11,0,0
"497",2014,"Cook Bay","Bare North",200,NA,0,0
"498",2014,"Cook Bay","Bare North",203,12.2,0,0
"499",2014,"Cook Bay","Eelgrass North",200,NA,0,0
"500",2014,"Cook Bay","Eelgrass North",203,12.4,0,0
"501",2014,"Cook Bay","Eelgrass South",200,NA,2,1
"502",2014,"Cook Bay","Eelgrass South",203,12.6,0,0
"503",2014,"Cook Bay","Eelgrass West",200,NA,0,0
"504",2014,"Cook Bay","Eelgrass West",203,12.5,0,0
"505",2014,"Cook Bay","Laminaria East",200,NA,0,0
"506",2014,"Cook Bay","Laminaria East",203,12,0,0
"507",2014,"Cook Bay","Laminaria North",200,NA,0,0
"508",2014,"Cook Bay","Laminaria North",203,12.1,0,0
"509",2014,"Cook Bay","Laminaria South",200,NA,152,97
"510",2014,"Cook Bay","Laminaria South",203,12.9,5,0
"511",2014,"Cook Bay","Middle Cove",200,NA,0,0
"512",2014,"Cook Bay","Middle Cove",203,11.8,0,0
"513",2014,"Anton Larson Bay","Back Bay eelgrass",197,11.8,0,0
"514",2014,"Anton Larson Bay","Back Bay eelgrass",198,NA,0,0
"515",2014,"Anton Larson Bay","Cobble point",197,10.2,32,3
"516",2014,"Anton Larson Bay","Cobble point",198,NA,9,0
"517",2014,"Anton Larson Bay","Eelgrass patches",197,11.6,6,3
"518",2014,"Anton Larson Bay","Eelgrass patches",198,NA,19,8
"519",2014,"Anton Larson Bay","Eelgrass point",197,11.8,14,1
"520",2014,"Anton Larson Bay","Eelgrass point",198,NA,24,8
"521",2014,"Anton Larson Bay","Laminaria #2",197,11.1,0,0
"522",2014,"Anton Larson Bay","Laminaria #2",198,NA,0,0
"523",2014,"Anton Larson Bay","Laminaria Point",197,11.7,86,5
"524",2014,"Anton Larson Bay","Laminaria Point",198,NA,0,1
"525",2014,"Anton Larson Bay","White rock",197,10.5,0,0
"526",2014,"Anton Larson Bay","White rock",198,NA,1,0
"527",2014,"Anton Larson Bay","Wooden boat",197,11.1,0,0
"528",2014,"Anton Larson Bay","Wooden boat",198,NA,0,0
"529",2014,"Cook Bay","Bare North",234,NA,0,0
"530",2014,"Cook Bay","Bare North",235,12.3,0,0
"531",2014,"Cook Bay","Eelgrass North",234,NA,0,0
"532",2014,"Cook Bay","Eelgrass North",235,12.3,0,0
"533",2014,"Cook Bay","Eelgrass South",234,NA,22,0
"534",2014,"Cook Bay","Eelgrass South",235,12.1,6,0
"535",2014,"Cook Bay","Eelgrass West",234,NA,0,0
"536",2014,"Cook Bay","Eelgrass West",235,12.6,7,1
"537",2014,"Cook Bay","Laminaria East",234,NA,0,0
"538",2014,"Cook Bay","Laminaria East",235,11.9,2,0
"539",2014,"Cook Bay","Laminaria North",234,NA,0,0
"540",2014,"Cook Bay","Laminaria North",235,12.2,0,0
"541",2014,"Cook Bay","Laminaria South",234,NA,4,0
"542",2014,"Cook Bay","Laminaria South",235,12.1,6,0
"543",2014,"Cook Bay","Middle Cove",234,NA,0,0
"544",2014,"Cook Bay","Middle Cove",235,12.1,0,0
"545",2014,"Anton Larson Bay","Back Bay eelgrass",232,12.7,0,0
"546",2014,"Anton Larson Bay","Back Bay eelgrass",233,NA,0,0
"547",2014,"Anton Larson Bay","Cobble point",232,12.4,0,0
"548",2014,"Anton Larson Bay","Cobble point",233,NA,0,0
"549",2014,"Anton Larson Bay","Eelgrass patches",232,12.4,3,0
"550",2014,"Anton Larson Bay","Eelgrass patches",233,NA,3,0
"551",2014,"Anton Larson Bay","Eelgrass point",232,12,0,0
"552",2014,"Anton Larson Bay","Eelgrass point",233,NA,0,0
"553",2014,"Anton Larson Bay","Laminaria #2",232,13.4,3,0
"554",2014,"Anton Larson Bay","Laminaria #2",233,NA,0,0
"555",2014,"Anton Larson Bay","Laminaria Point",232,11.9,0,0
"556",2014,"Anton Larson Bay","Laminaria Point",233,NA,0,0
"557",2014,"Anton Larson Bay","White rock",232,13.6,0,0
"558",2014,"Anton Larson Bay","White rock",233,NA,0,0
"559",2014,"Anton Larson Bay","Wooden boat",232,12,0,0
"560",2014,"Anton Larson Bay","Wooden boat",233,NA,0,0
"561",2015,"Cook Bay","Bare North",193,12.7,0,0
"562",2015,"Cook Bay","Bare North",196,NA,0,0
"563",2015,"Cook Bay","Eelgrass North",193,13.2,0,0
"564",2015,"Cook Bay","Eelgrass North",196,NA,0,0
"565",2015,"Cook Bay","Eelgrass South",193,10.7,1,0
"566",2015,"Cook Bay","Eelgrass South",196,NA,0,0
"567",2015,"Cook Bay","Eelgrass West",193,12.6,0,0
"568",2015,"Cook Bay","Eelgrass West",196,NA,0,0
"569",2015,"Cook Bay","Laminaria East",193,11,2,0
"570",2015,"Cook Bay","Laminaria East",196,NA,2,0
"571",2015,"Cook Bay","Laminaria North",193,12.8,0,0
"572",2015,"Cook Bay","Laminaria North",196,NA,0,0
"573",2015,"Cook Bay","Laminaria South",193,10.7,0,0
"574",2015,"Cook Bay","Laminaria South",196,NA,0,0
"575",2015,"Cook Bay","Middle Cove",193,11.9,0,0
"576",2015,"Cook Bay","Middle Cove",196,NA,0,0
"577",2015,"Anton Larson Bay","Back Bay eelgrass",192,12,0,0
"578",2015,"Anton Larson Bay","Back Bay eelgrass",197,NA,0,0
"579",2015,"Anton Larson Bay","Cobble point",192,11.6,0,0
"580",2015,"Anton Larson Bay","Cobble point",197,NA,0,0
"581",2015,"Anton Larson Bay","Eelgrass patches",192,11.5,0,0
"582",2015,"Anton Larson Bay","Eelgrass patches",197,NA,0,0
"583",2015,"Anton Larson Bay","Eelgrass point",192,10.7,0,0
"584",2015,"Anton Larson Bay","Eelgrass point",197,NA,0,0
"585",2015,"Anton Larson Bay","Laminaria #2",192,11.1,0,0
"586",2015,"Anton Larson Bay","Laminaria #2",197,NA,0,0
"587",2015,"Anton Larson Bay","Laminaria Point",192,10.7,0,0
"588",2015,"Anton Larson Bay","Laminaria Point",197,NA,0,0
"589",2015,"Anton Larson Bay","White rock",192,11.6,0,0
"590",2015,"Anton Larson Bay","White rock",197,NA,0,0
"591",2015,"Anton Larson Bay","Wooden boat",192,11.9,0,0
"592",2015,"Anton Larson Bay","Wooden boat",197,NA,0,0
"593",2015,"Cook Bay","Bare North",238,13.7,0,0
"594",2015,"Cook Bay","Eelgrass North",238,14.3,0,0
"595",2015,"Cook Bay","Eelgrass South",238,12.6,4,0
"596",2015,"Cook Bay","Eelgrass West",238,14.2,0,0
"597",2015,"Cook Bay","Laminaria East",238,13.4,0,0
"598",2015,"Cook Bay","Laminaria North",238,14.2,0,0
"599",2015,"Cook Bay","Laminaria South",238,12.7,0,0
"600",2015,"Cook Bay","Middle Cove",238,13.6,76,4
"601",2015,"Anton Larson Bay","Back Bay eelgrass",235,12.8,0,0
"602",2015,"Anton Larson Bay","Cobble point",234,12.1,0,0
"603",2015,"Anton Larson Bay","Cobble point",235,12.4,0,0
"604",2015,"Anton Larson Bay","Eelgrass patches",234,13.1,0,0
"605",2015,"Anton Larson Bay","Eelgrass patches",235,13.2,0,0
"606",2015,"Anton Larson Bay","Eelgrass point",234,12.1,0,0
"607",2015,"Anton Larson Bay","Eelgrass point",235,12.4,0,0
"608",2015,"Anton Larson Bay","Laminaria #2",235,12.6,0,0
"609",2015,"Anton Larson Bay","Laminaria Point",234,12,0,0
"610",2015,"Anton Larson Bay","Laminaria Point",235,12.3,0,0
"611",2015,"Anton Larson Bay","White rock",234,12.6,0,0
"612",2015,"Anton Larson Bay","White rock",235,12.3,0,0
"613",2015,"Anton Larson Bay","Wooden boat",235,12.7,0,0
"614",2016,"Cook Bay","Bare North",197,13.7,0,0
"615",2016,"Cook Bay","Bare North",202,NA,0,0
"616",2016,"Cook Bay","Eelgrass North",197,14,0,0
"617",2016,"Cook Bay","Eelgrass North",202,NA,0,0
"618",2016,"Cook Bay","Eelgrass South",197,12.6,3,1
"619",2016,"Cook Bay","Eelgrass South",202,NA,21,1
"620",2016,"Cook Bay","Eelgrass West",197,15,0,0
"621",2016,"Cook Bay","Eelgrass West",202,NA,0,0
"622",2016,"Cook Bay","Laminaria East",197,12.9,39,2
"623",2016,"Cook Bay","Laminaria East",202,NA,0,0
"624",2016,"Cook Bay","Laminaria North",197,14,1,0
"625",2016,"Cook Bay","Laminaria North",202,NA,0,0
"626",2016,"Cook Bay","Laminaria South",197,12.9,0,0
"627",2016,"Cook Bay","Laminaria South",202,NA,0,0
"628",2016,"Cook Bay","Middle Cove",197,12.9,4,0
"629",2016,"Cook Bay","Middle Cove",202,NA,0,0
"630",2016,"Anton Larson Bay","Back Bay eelgrass",198,13.8,0,0
"631",2016,"Anton Larson Bay","Back Bay eelgrass",199,NA,0,0
"632",2016,"Anton Larson Bay","Cobble point",198,13.4,3,0
"633",2016,"Anton Larson Bay","Cobble point",199,NA,1,0
"634",2016,"Anton Larson Bay","Eelgrass patches",198,13,3,7
"635",2016,"Anton Larson Bay","Eelgrass patches",199,NA,0,4
"636",2016,"Anton Larson Bay","Eelgrass point",198,12.8,0,0
"637",2016,"Anton Larson Bay","Eelgrass point",199,NA,0,0
"638",2016,"Anton Larson Bay","Laminaria #2",198,13.4,0,0
"639",2016,"Anton Larson Bay","Laminaria #2",199,NA,1,0
"640",2016,"Anton Larson Bay","Laminaria Point",198,12.7,2,3
"641",2016,"Anton Larson Bay","Laminaria Point",199,NA,0,0
"642",2016,"Anton Larson Bay","White rock",198,13.9,0,0
"643",2016,"Anton Larson Bay","White rock",199,NA,0,0
"644",2016,"Anton Larson Bay","Wooden boat",198,13.5,2,0
"645",2016,"Anton Larson Bay","Wooden boat",199,NA,0,0
"646",2017,"Cook Bay","Bare North",196,10.4,52,336
"647",2017,"Cook Bay","Bare North",198,NA,0,215
"648",2017,"Cook Bay","Eelgrass North",196,10.6,377,83
"649",2017,"Cook Bay","Eelgrass North",198,NA,242,17
"650",2017,"Cook Bay","Eelgrass South",196,10.2,709,69
"651",2017,"Cook Bay","Eelgrass South",198,NA,374,101
"652",2017,"Cook Bay","Eelgrass West",196,11.4,392,125
"653",2017,"Cook Bay","Eelgrass West",198,NA,248,10
"654",2017,"Cook Bay","Laminaria East",196,10.8,365,3758
"655",2017,"Cook Bay","Laminaria East",198,NA,271,659
"656",2017,"Cook Bay","Laminaria North",196,10.6,80,97
"657",2017,"Cook Bay","Laminaria North",198,NA,98,29
"658",2017,"Cook Bay","Laminaria South",196,10.1,331,600
"659",2017,"Cook Bay","Laminaria South",198,NA,417,88
"660",2017,"Cook Bay","Middle Cove",196,10.3,155,436
"661",2017,"Cook Bay","Middle Cove",198,NA,184,611
"662",2017,"Anton Larson Bay","Back Bay eelgrass",194,14.1,0,0
"663",2017,"Anton Larson Bay","Back Bay eelgrass",195,NA,0,0
"664",2017,"Anton Larson Bay","Cobble point",194,11.3,62,0
"665",2017,"Anton Larson Bay","Cobble point",195,NA,0,3
"666",2017,"Anton Larson Bay","Eelgrass patches",194,12.1,244,11
"667",2017,"Anton Larson Bay","Eelgrass patches",195,NA,127,5
"668",2017,"Anton Larson Bay","Eelgrass point",194,10.9,186,31
"669",2017,"Anton Larson Bay","Eelgrass point",195,NA,116,1
"670",2017,"Anton Larson Bay","Laminaria #2",194,14.1,36,0
"671",2017,"Anton Larson Bay","Laminaria #2",195,NA,8,0
"672",2017,"Anton Larson Bay","Laminaria Point",194,10.4,56,9
"673",2017,"Anton Larson Bay","Laminaria Point",195,NA,143,95
"674",2017,"Anton Larson Bay","White rock",194,12.9,0,0
"675",2017,"Anton Larson Bay","White rock",195,NA,0,0
"676",2017,"Anton Larson Bay","Wooden boat",194,13.3,28,0
"677",2017,"Anton Larson Bay","Wooden boat",195,NA,17,0
"678",2017,"Cook Bay","Bare North",234,NA,39,0
"679",2017,"Cook Bay","Bare North",235,NA,22,0
"680",2017,"Cook Bay","Eelgrass North",234,NA,76,16
"681",2017,"Cook Bay","Eelgrass North",235,NA,35,6
"682",2017,"Cook Bay","Eelgrass South",234,NA,163,0
"683",2017,"Cook Bay","Eelgrass South",235,NA,22,1
"684",2017,"Cook Bay","Eelgrass West",234,NA,73,0
"685",2017,"Cook Bay","Eelgrass West",235,NA,13,1
"686",2017,"Cook Bay","Laminaria East",234,NA,212,1
"687",2017,"Cook Bay","Laminaria East",235,NA,230,9
"688",2017,"Cook Bay","Laminaria North",234,NA,3,0
"689",2017,"Cook Bay","Laminaria North",235,NA,0,0
"690",2017,"Cook Bay","Laminaria South",234,NA,110,0
"691",2017,"Cook Bay","Laminaria South",235,NA,3,0
"692",2017,"Cook Bay","Middle Cove",234,NA,17,0
"693",2017,"Cook Bay","Middle Cove",235,NA,45,0
"694",2017,"Anton Larson Bay","Back Bay eelgrass",230,NA,9,0
"695",2017,"Anton Larson Bay","Back Bay eelgrass",231,NA,1,0
"696",2017,"Anton Larson Bay","Cobble point",230,NA,1,0
"697",2017,"Anton Larson Bay","Cobble point",231,NA,13,0
"698",2017,"Anton Larson Bay","Eelgrass patches",230,NA,0,0
"699",2017,"Anton Larson Bay","Eelgrass patches",231,NA,11,0
"700",2017,"Anton Larson Bay","Eelgrass point",230,NA,12,0
"701",2017,"Anton Larson Bay","Eelgrass point",231,NA,4,0
"702",2017,"Anton Larson Bay","Laminaria #2",230,NA,1,0
"703",2017,"Anton Larson Bay","Laminaria #2",231,NA,0,0
"704",2017,"Anton Larson Bay","Laminaria Point",230,NA,1,0
"705",2017,"Anton Larson Bay","Laminaria Point",231,NA,0,0
"706",2017,"Anton Larson Bay","White rock",230,NA,0,0
"707",2017,"Anton Larson Bay","White rock",231,NA,4,0
"708",2017,"Anton Larson Bay","Wooden boat",230,NA,0,0
"709",2017,"Anton Larson Bay","Wooden boat",231,NA,7,0
"710",2018,"Anton Larson Bay","Back Bay eelgrass",199,11.7,0,0
"711",2018,"Cook Bay","Bare North",197,10.3,3,0
"712",2018,"Cook Bay","Bare North",198,10,7,0
"713",2018,"Anton Larson Bay","Cobble point",199,10.5,6,9
"714",2018,"Cook Bay","Eelgrass North",197,10,40,1
"715",2018,"Cook Bay","Eelgrass North",198,11.1,55,39
"716",2018,"Anton Larson Bay","Eelgrass patches",199,11.4,3,0
"717",2018,"Anton Larson Bay","Eelgrass point",199,12.4,32,49
"718",2018,"Cook Bay","Eelgrass South",197,10.9,470,5
"719",2018,"Cook Bay","Eelgrass South",198,10,391,137
"720",2018,"Cook Bay","Eelgrass West",197,11.5,17,1
"721",2018,"Cook Bay","Eelgrass West",198,12.7,26,0
"722",2018,"Anton Larson Bay","Laminaria #2",199,12.1,0,0
"723",2018,"Cook Bay","Laminaria East",197,9.8,218,192
"724",2018,"Cook Bay","Laminaria East",198,10.2,789,3931
"725",2018,"Cook Bay","Laminaria North",197,9.8,2,0
"726",2018,"Cook Bay","Laminaria North",198,10.4,20,7
"727",2018,"Anton Larson Bay","Laminaria Point",199,11.6,1,0
"728",2018,"Cook Bay","Laminaria South",197,10.4,203,80
"729",2018,"Cook Bay","Laminaria South",198,10.3,219,35
"730",2018,"Cook Bay","Middle Cove",197,9.7,363,2459
"731",2018,"Cook Bay","Middle Cove",198,10.3,7,0
"732",2018,"Anton Larson Bay","White rock",199,11.9,0,0
"733",2018,"Anton Larson Bay","Wooden boat",199,11.8,69,0
"734",2018,"Anton Larson Bay","Back Bay eelgrass",196,11.3,0,0
"735",2018,"Anton Larson Bay","Cobble point",196,10,11,28
"736",2018,"Anton Larson Bay","Eelgrass patches",196,10,1,3
"737",2018,"Anton Larson Bay","Eelgrass point",196,9.9,4,102
"738",2018,"Anton Larson Bay","Laminaria #2",196,10.6,0,0
"739",2018,"Anton Larson Bay","Laminaria Point",196,10.1,140,5
"740",2018,"Anton Larson Bay","White rock",196,10.5,0,0
"741",2018,"Anton Larson Bay","Wooden boat",196,10.8,93,1
"742",2019,"Cook Bay","Middle Cove",193,11.8,0,0
"743",2019,"Cook Bay","Bare North",193,12.3,0,0
"744",2019,"Cook Bay","Eelgrass North",193,13.2,0,0
"745",2019,"Cook Bay","Laminaria North",193,13.7,0,0
"746",2019,"Cook Bay","Eelgrass West",193,13.6,0,0
"747",2019,"Cook Bay","Laminaria South",193,12.4,0,0
"748",2019,"Cook Bay","Laminaria East",193,11.8,1,0
"749",2019,"Cook Bay","Eelgrass South",193,12.1,0,0
"750",2019,"Anton Larson Bay","Laminaria #2",194,13.6,0,0
"751",2019,"Anton Larson Bay","Wooden boat",194,12.1,0,0
"752",2019,"Anton Larson Bay","Back Bay eelgrass",194,12.6,0,0
"753",2019,"Anton Larson Bay","Laminaria Point",194,12.4,1,0
"754",2019,"Anton Larson Bay","Eelgrass point",194,12.3,42,0
"755",2019,"Anton Larson Bay","Eelgrass patches",194,13.3,8,0
"756",2019,"Anton Larson Bay","Cobble point",194,12.8,21,0
"757",2019,"Anton Larson Bay","White rock",194,13.5,0,0
"758",2019,"Anton Larson Bay","Laminaria #2",195,11.4,0,0
"759",2019,"Anton Larson Bay","Wooden boat",195,11,0,0
"760",2019,"Anton Larson Bay","Back Bay eelgrass",195,12,0,0
"761",2019,"Anton Larson Bay","Laminaria Point",195,12.6,1,0
"762",2019,"Anton Larson Bay","Eelgrass patches",195,12.4,0,0
"763",2019,"Anton Larson Bay","Eelgrass point",195,12.4,87,0
"764",2019,"Anton Larson Bay","Cobble point",195,12.5,5,0
"765",2019,"Anton Larson Bay","White rock",195,12.7,0,0
"766",2019,"Cook Bay","Laminaria South",196,11.2,0,0
"767",2019,"Cook Bay","Eelgrass South",196,11.1,2,0
"768",2019,"Cook Bay","Laminaria East",196,11.4,0,0
"769",2019,"Cook Bay","Eelgrass West",196,11.6,0,0
"770",2019,"Cook Bay","Laminaria North",196,11.6,0,0
"771",2019,"Cook Bay","Eelgrass North",196,11.8,0,0
"772",2019,"Cook Bay","Bare North",196,11.8,0,0
"773",2019,"Cook Bay","Middle Cove",196,11.5,0,0
"774",2019,"Cook Bay","Middle Cove",232,13.7,0,0
"775",2019,"Cook Bay","Bare North",232,13.7,0,0
"776",2019,"Cook Bay","Laminaria North",232,13.8,0,0
"777",2019,"Cook Bay","Eelgrass North",232,13.9,0,0
"778",2019,"Cook Bay","Laminaria East",232,13.6,0,0
"779",2019,"Cook Bay","Eelgrass West",232,13.6,0,0
"780",2019,"Cook Bay","Laminaria South",232,13.3,0,0
"781",2019,"Cook Bay","Eelgrass South",232,13.4,0,0
"782",2019,"Cook Bay","Middle Cove",233,13.2,0,0
"783",2019,"Cook Bay","Bare North",233,13.5,0,0
"784",2019,"Cook Bay","Laminaria South",233,13.2,0,0
"785",2019,"Cook Bay","Eelgrass South",233,13.3,1,0
"786",2019,"Cook Bay","Eelgrass North",233,13.6,0,0
"787",2019,"Cook Bay","Laminaria North",233,13.5,0,0
"788",2019,"Cook Bay","Laminaria East",233,13.4,0,0
"789",2019,"Cook Bay","Eelgrass West",233,14,0,0
"790",2019,"Anton Larson Bay","White rock",236,15,0,0
"791",2019,"Anton Larson Bay","Back Bay eelgrass",236,13.9,0,0
"792",2019,"Anton Larson Bay","Wooden boat",236,13.8,0,0
"793",2019,"Anton Larson Bay","Laminaria #2",236,13.9,0,0
"794",2019,"Anton Larson Bay","Eelgrass patches",236,14.8,7,0
"795",2019,"Anton Larson Bay","Cobble point",236,14.3,30,0
"796",2019,"Anton Larson Bay","Laminaria Point",236,14.5,0,0
"797",2019,"Anton Larson Bay","Eelgrass point",236,14.6,1,0
"798",2019,"Anton Larson Bay","White rock",237,14,0,0
"799",2019,"Anton Larson Bay","Back Bay eelgrass",237,14.3,0,0
"800",2019,"Anton Larson Bay","Wooden boat",237,14.3,0,0
"801",2019,"Anton Larson Bay","Laminaria #2",237,14.6,0,0
"802",2019,"Anton Larson Bay","Eelgrass patches",237,15.6,0,0
"803",2019,"Anton Larson Bay","Laminaria Point",237,15.2,0,0
"804",2019,"Anton Larson Bay","Eelgrass point",237,15.4,0,0
"805",2019,"Anton Larson Bay","Cobble point",237,14.9,6,0
"806",2018,"Cook Bay","Bare North",233,11.4,19,0
"807",2018,"Cook Bay","Middle Cove",233,10.9,27,1
"808",2018,"Cook Bay","Eelgrass North",233,11.5,87,2
"809",2018,"Cook Bay","Laminaria North",233,11.7,11,174
"810",2018,"Cook Bay","Laminaria South",233,11.5,0,0
"811",2018,"Cook Bay","Eelgrass South",233,11.7,641,8
"812",2018,"Cook Bay","Eelgrass West",233,11.9,165,29
"813",2018,"Cook Bay","Laminaria East",233,11.4,47,437
"814",2018,"Cook Bay","Laminaria East",234,10.8,79,641
"815",2018,"Cook Bay","Eelgrass South",234,10.8,483,279
"816",2018,"Cook Bay","Laminaria South",234,10.8,38,14
"817",2018,"Cook Bay","Eelgrass West",234,11.4,124,2
"818",2018,"Cook Bay","Laminaria North",234,11.3,19,0
"819",2018,"Cook Bay","Eelgrass North",234,11.3,153,1
"820",2018,"Cook Bay","Middle Cove",234,11.1,3,0
"821",2018,"Cook Bay","Bare North",234,11.1,0,0
"822",2018,"Anton Larson Bay","Laminaria Point",235,12.5,0,0
"823",2018,"Anton Larson Bay","Eelgrass point",235,11.9,0,0
"824",2018,"Anton Larson Bay","Eelgrass patches",235,12.3,12,12
"825",2018,"Anton Larson Bay","Cobble point",235,12.3,1,2
"826",2018,"Anton Larson Bay","Back Bay eelgrass",235,12.5,0,0
"827",2018,"Anton Larson Bay","Wooden boat",235,12.2,0,0
"828",2018,"Anton Larson Bay","Laminaria #2",235,12.2,0,0
"829",2018,"Anton Larson Bay","White rock",235,12.5,0,0
"830",2018,"Anton Larson Bay","Laminaria Point",236,11.5,0,0
"831",2018,"Anton Larson Bay","Eelgrass point",236,11.9,0,0
"832",2018,"Anton Larson Bay","Eelgrass patches",236,12.1,1,19
"833",2018,"Anton Larson Bay","Cobble point",236,12.6,0,0
"834",2018,"Anton Larson Bay","Back Bay eelgrass",236,12.2,0,0
"835",2018,"Anton Larson Bay","Wooden boat",236,11.4,0,0
"836",2018,"Anton Larson Bay","Laminaria #2",236,12.1,0,0
"837",2018,"Anton Larson Bay","White rock",236,13.1,0,0
"838",2020,"Anton Larson Bay","Eelgrass point",233,11.9,5,0
"839",2020,"Anton Larson Bay","Laminaria Point",233,12.4,0,2
"840",2020,"Anton Larson Bay","Laminaria #2",233,12.5,2,1
"841",2020,"Anton Larson Bay","Wooden boat",233,13.5,0,0
"842",2020,"Anton Larson Bay","Back Bay eelgrass",233,13.3,0,1
"843",2020,"Anton Larson Bay","Eelgrass patches",233,14,4,2
"844",2020,"Anton Larson Bay","Cobble point",233,12.6,2,0
"845",2020,"Anton Larson Bay","White rock",233,14.4,0,0
"846",2020,"Cook Bay","Laminaria North",184,10.8,16,0
"847",2020,"Cook Bay","Eelgrass West",184,10.6,212,220
"848",2020,"Cook Bay","Laminaria East",184,10.3,204,0
"849",2020,"Cook Bay","Eelgrass South",184,10.3,370,55
"850",2020,"Cook Bay","Laminaria North",234,14,484,0
"851",2020,"Cook Bay","Eelgrass North",234,13.2,830,0
"852",2020,"Cook Bay","Eelgrass West",234,13.7,673,2
"853",2020,"Cook Bay","Laminaria East",234,13.2,211,0
"854",2020,"Cook Bay","Eelgrass South",234,13.1,950,0
"855",2020,"Cook Bay","Laminaria South",234,13.5,95,0
"856",2020,"Cook Bay","Middle Cove",234,12.2,67,0
"857",2020,"Cook Bay","Bare North",234,13.8,1350,1
"858",2018,"Ugak","Ugak-1",186,12,0,0
"859",2018,"Ugak","Ugak-2",186,11.9,1,0
"860",2018,"Ugak","Ugak-3",186,13.2,11,0
"861",2018,"Ugak","Ugak-4",186,8.3,1,0
"862",2018,"Ugak","Ugak-5",186,12.5,21,0
"863",2018,"Ugak","Ugak-6",186,11.9,103,0
"864",2018,"Kiluida","Kilu-1",188,14.3,0,0
"865",2018,"Kiluida","Kilu-2",188,16.2,0,0
"866",2018,"Kiluida","Kilu-3",188,15.9,13,0
"867",2018,"Kiluida","Kilu-4",188,16.9,4,0
"868",2018,"Kiluida","Kilu-5",188,15,5,0
"869",2018,"Kiluida","Kilu-6",188,15,0,0
"870",2018,"Kiluida","Kilu-7",188,15.7,2,0
"871",2018,"Kaiugnak","Kai-1",190,10.5,2,0
"872",2018,"Kaiugnak","Kai-2",190,10.7,7,0
"873",2018,"Kaiugnak","Kai-3",190,10.5,18,0
"874",2018,"Kaiugnak","Kai-4",190,10.4,45,0
"875",2018,"Kaiugnak","Kai-5",190,9.1,13,0
"876",2018,"Kaiugnak","Kai-6",190,10.4,6,0
"877",2018,"Japanese","Jap-1",192,10.6,407,0
"878",2018,"Japanese","Jap-2",192,11,302,0
"879",2018,"Japanese","Jap-3",192,10.4,345,0
"880",2018,"Japanese","Jap-4",192,11.3,1,0
"881",2018,"Japanese","Jap-5",192,12.6,42,0
"882",2018,"Japanese","Jap-6",192,12.7,47,0
"883",2018,"Rodman Reach","RR-1",195,10.5,17,0
"884",2018,"Rodman Reach","RR-2",195,10.8,16,0
"885",2018,"Rodman Reach","RR-3",195,10.6,379,0
"886",2018,"Rodman Reach","RR-4",195,10.5,44,0
"887",2018,"Rodman Reach","RR-5",195,10.8,0,0
"888",2018,"Rodman Reach","RR-6",195,10.7,54,0
"889",2018,"Agripina","AG-1",197,10.1,103,0
"890",2018,"Agripina","AG-2",197,9.2,200,0
"891",2018,"Agripina","AG-3",197,10.6,643,2
"892",2018,"Agripina","AG-4",197,11.8,835,1
"893",2018,"Agripina","AG-5",197,12,807,6
"894",2018,"Agripina","AG-6",197,12.3,2,0
"895",2018,"Port Wrangell","PW-1",198,8.6,558,3144
"896",2018,"Port Wrangell","PW-2",198,8.7,552,3630
"897",2018,"Port Wrangell","PW-3",198,9.5,477,2277
"898",2018,"Port Wrangell","PW-4",198,11.2,311,8
"899",2018,"Mitrofania","Mit-1",203,9.5,70,118
"900",2018,"Mitrofania","Mit-2",203,9.7,72,10
"901",2018,"Mitrofania","Mit-3",203,10.9,55,2
"902",2018,"Mitrofania","Mit-4",203,10.5,131,5
"903",2018,"Mitrofania","Mit-5",203,10.1,123,3
"904",2018,"Mitrofania","Mit-6",203,10.5,16,208
"905",2018,"Fox","Fox-1",205,9.3,389,3
"906",2018,"Fox","Fox-2",205,9.7,129,1
"907",2018,"Fox","Fox-3",205,10.4,276,0
"908",2018,"Fox","Fox-4",205,11,26,0
"909",2018,"Fox","Fox-5",205,11.1,12,0
"910",2018,"Sand Point","Sand-1",207,10.5,2,0
"911",2018,"Sand Point","Sand-2",207,10,395,0
"912",2018,"Sand Point","Sand-3",207,10,316,0
"913",2018,"Falmouth","Fal-1",210,9.1,406,0
"914",2018,"Falmouth","Fal-2",210,9.3,224,0
"915",2018,"Falmouth","Fal-3",210,9.1,118,1
"916",2018,"Falmouth","Fal-4",211,9.3,1324,44
"917",2018,"Falmouth","Fal-5",211,9.5,111,0
"918",2018,"Baralof","Bar-1",213,9,257,0
"919",2018,"Baralof","Bar-2",213,9.4,420,0
"920",2018,"Baralof","Bar-3",213,9.2,667,0
"921",2018,"Baralof","Bar-4",213,8.7,304,0
"922",2018,"Baralof","Bar-5",213,9.3,183,0
"923",2018,"Baralof","Bar-6",213,9.8,87,0
"924",2018,"Balboa","BB-1",217,12.2,6,0
"925",2018,"Balboa","BB-2",217,12,86,0
"926",2018,"Balboa","BB-3",217,10.7,20,0
"927",2018,"Balboa","BB-4",217,12.5,294,0
"928",2018,"Balboa","BB-5",217,12,2,0
"929",2018,"Balboa","BB-6",217,13.5,542,0
"930",2018,"Fox","Fox-4",219,12.5,0,0
"931",2018,"Fox","Fox-5",219,12.9,0,0
"932",2018,"Fox","Fox-1",219,14.3,147,0
"933",2018,"Fox","Fox-2",219,13.9,17,0
"934",2018,"Fox","Fox-3",219,14.5,33,0
"935",2018,"Mitrofania","Mit-1",221,10.5,172,87
"936",2018,"Mitrofania","Mit-2",221,11.6,19,32
"937",2018,"Mitrofania","Mit-3",221,11.6,308,26
"938",2018,"Mitrofania","Mit-6",221,12.5,8,69
"939",2018,"Mitrofania","Mit-4",221,12.4,6,3
"940",2018,"Mitrofania","Mit-5",221,13.2,39,0
"941",2018,"Port Wrangell","PW-3",226,7.9,0,0
"942",2018,"Port Wrangell","PW-2",226,8,29,0
"943",2018,"Port Wrangell","PW-1",226,7.5,263,2
"944",2018,"Port Wrangell","PW-4",226,9.1,459,2172
"945",2018,"Agripina","AG-1",227,NA,427,0
"946",2018,"Agripina","AG-2",227,9.1,8,1
"947",2018,"Agripina","AG-4",227,8.4,11,0
"948",2018,"Agripina","AG-3",227,9.4,278,25
"949",2018,"Agripina","AG-5",227,9.4,590,592
"950",2018,"Agripina","AG-6",227,9.3,0,0
"951",2018,"Rodman Reach","RR-1",229,11.8,35,3
"952",2018,"Rodman Reach","RR-4",229,12.4,62,13
"953",2018,"Rodman Reach","RR-5",229,12.4,0,0
"954",2018,"Rodman Reach","RR-6",232,12.4,28,0
"955",2018,"Rodman Reach","RR-2",232,12.4,16,0
"956",2018,"Japanese","Jap-5",234,12,0,0
"957",2018,"Japanese","Jap-4",234,11.5,5,0
"958",2018,"Japanese","Jap-1",234,12,182,0
"959",2018,"Japanese","Jap-6",234,11.7,459,5
"960",2018,"Japanese","Jap-2",234,11.7,0,0
"961",2018,"Japanese","Jap-3",234,11.4,0,0
"962",2018,"Japanese","Jap-7",234,11.5,1,0
"963",2018,"Kaiugnak","Kai-1",236,9.8,591,97
"964",2018,"Kaiugnak","Kai-2",236,10,406,50
"965",2018,"Kaiugnak","Kai-3",236,10,87,0
"966",2018,"Kaiugnak","Kai-6",236,10.1,1,0
"967",2018,"Kaiugnak","Kai-4",236,9.9,5,0
"968",2018,"Kaiugnak","Kai-7",236,10.6,3,0
"969",2018,"Kiluida","Kilu-5",238,10.3,144,2
"970",2018,"Kiluida","Kilu-1",238,11.6,65,0
"971",2018,"Kiluida","Kilu-4",238,11.8,64,0
"972",2018,"Kiluida","Kilu-8",238,12.2,94,0
"973",2018,"Kiluida","Kilu-9",238,10.9,1,0
"974",2018,"Ugak","Ugak-5",240,9.3,1,1
"975",2018,"Ugak","Ugak-6",240,8.7,0,0
"976",2018,"Ugak","Ugak-3",240,9.8,0,0
"977",2018,"Ugak","Ugak-2",240,8.4,1,0
"978",2018,"Ugak","Ugak-1",240,11.8,0,0
"979",2018,"Ugak","Ugak-7",240,11.2,0,0
"980",2018,"Ugak","Ugak-4",240,12.4,4,0
"981",2018,"Ugak","Ugak-8",240,11.7,3,0
"982",2019,"Agripina","AG-1",188,11.5,2,0
"983",2019,"Agripina","AG-2",188,12.6,5,0
"984",2019,"Agripina","AG-5",188,12.3,31,0
"985",2019,"Agripina","AG-3",188,12.1,6,0
"986",2019,"Agripina","AG-4",188,11.8,0,0
"987",2019,"Agripina","AG-6",188,17.7,0,0
"988",2019,"Port Wrangell","PW-3",190,11,0,0
"989",2019,"Port Wrangell","PW-2",190,12.4,1,0
"990",2019,"Port Wrangell","PW-1",190,12.6,0,0
"991",2019,"Port Wrangell","PW-4",190,15.1,0,0
"992",2019,"Mitrofania","Mit-1",193,11.1,4,0
"993",2019,"Mitrofania","Mit-2",193,12.4,1,0
"994",2019,"Mitrofania","Mit-3",193,13.2,44,7
"995",2019,"Mitrofania","Mit-5",193,13.8,0,0
"996",2019,"Mitrofania","Mit-6",193,13.8,5,0
"997",2019,"Mitrofania","Mit-4",193,14.3,1,0
"998",2019,"Fox","Fox-5",195,15.5,0,0
"999",2019,"Fox","Fox-1",195,12.8,0,0
"1000",2019,"Fox","Fox-2",195,12.9,0,0
"1001",2019,"Fox","Fox-3",195,12.8,0,0
"1002",2019,"Fox","Fox-4",195,12.1,0,0
"1003",2019,"Balboa","BB-2",198,13.3,3,27
"1004",2019,"Balboa","BB-3",198,13.6,0,0
"1005",2019,"Balboa","BB-4",198,13.6,2,1
"1006",2019,"Balboa","BB-7",198,13.9,0,23
"1007",2019,"Balboa","BB-6",198,14.2,0,0
"1008",2019,"Balboa","BB-1",198,14.3,0,0
"1009",2019,"Sand Point","Sand-2",202,11.8,7,0
"1010",2019,"Sand Point","Sand-3",202,12.3,1,0
"1011",2019,"Falmouth","Fal-1",204,11.5,0,0
"1012",2019,"Falmouth","Fal-2",204,11.1,0,0
"1013",2019,"Falmouth","Fal-3",204,10.8,5,0
"1014",2019,"Falmouth","Fal-4",204,10.7,0,1
"1015",2019,"Falmouth","Fal-5",204,11.9,0,0
"1016",2019,"Baralof","Bar-1",206,12.2,0,0
"1017",2019,"Baralof","Bar-3",206,11.5,0,0
"1018",2019,"Baralof","Bar-2",206,11.8,0,0
"1019",2019,"Baralof","Bar-6",206,11.7,0,0
"1020",2019,"Baralof","Bar-4",206,12.1,0,0
"1021",2019,"Baralof","Bar-5",206,12.1,0,0
"1022",2019,"Rodman Reach","RR-3",212,13.4,3,0
"1023",2019,"Rodman Reach","RR-5",212,14.1,0,0
"1024",2019,"Rodman Reach","RR-6",212,13.7,0,1
"1025",2019,"Rodman Reach","RR-4",212,14.9,8,0
"1026",2019,"Rodman Reach","RR-1",212,13.9,0,0
"1027",2019,"Rodman Reach","RR-2",212,13.3,1,1
"1028",2019,"Japanese","Jap-7",218,12,0,0
"1029",2019,"Japanese","Jap-2",218,12.1,0,0
"1030",2019,"Japanese","Jap-3",218,12.2,0,0
"1031",2019,"Japanese","Jap-1",218,13,0,0
"1032",2019,"Japanese","Jap-6",218,12.8,0,0
"1033",2019,"Japanese","Jap-5",218,13.8,2,0
"1034",2019,"Japanese","Jap-4",218,12.2,0,0
"1035",2019,"Kaiugnak","Kai-1",219,10.4,0,0
"1036",2019,"Kaiugnak","Kai-2",219,10.7,32,0
"1037",2019,"Kaiugnak","Kai-3",219,11.9,71,0
"1038",2019,"Kaiugnak","Kai-6",220,11.9,5,0
"1039",2019,"Kaiugnak","Kai-7",220,12.4,0,0
"1040",2019,"Kaiugnak","Kai-4",220,10.9,0,0
"1041",2019,"Kiluida","Kilu-1",222,15.7,0,0
"1042",2019,"Kiluida","Kilu-2",222,16.5,0,0
"1043",2019,"Kiluida","Kilu-4",222,16.8,0,0
"1044",2019,"Kiluida","Kilu-5",222,13.9,0,0
"1045",2019,"Kiluida","Kilu-6",222,14.1,0,0
"1046",2019,"Kiluida","Kilu-3",222,15.4,0,0
"1047",2019,"Ugak","Ugak-7",226,19.5,0,0
"1048",2019,"Ugak","Ugak-2",226,19.1,0,0
"1049",2019,"Ugak","Ugak-3",226,18.6,0,0
"1050",2019,"Ugak","Ugak-4",226,18.1,0,0
"1051",2019,"Ugak","Ugak-8",226,18.9,0,0
"1052",2019,"Ugak","Ugak-5",226,19.7,0,0
"1053",2019,"Ugak","Ugak-6",226,19.3,0,0
"1054",2020,"Agripina","AG-1",188,12.3,328,0
"1055",2020,"Agripina","AG-2",188,12.1,381,78
"1056",2020,"Agripina","AG-5",188,12,615,331
"1057",2020,"Agripina","AG-3",188,12.3,2496,434
"1058",2020,"Agripina","AG-4",188,12.1,59,1
"1059",2020,"Agripina","AG-6",188,13.9,1,0
"1060",2020,"Port Wrangell","PW-1",190,8.6,1363,2
"1061",2020,"Port Wrangell","PW-2",190,8.8,2076,1224
"1062",2020,"Port Wrangell","PW-3",190,9,1122,33
"1063",2020,"Port Wrangell","PW-4",190,9.2,323,8
"1064",2020,"Mitrofania","Mit-1",194,12.3,93,49
"1065",2020,"Mitrofania","Mit-2",194,12.7,37,0
"1066",2020,"Mitrofania","Mit-3",194,12.5,143,127
"1067",2020,"Mitrofania","Mit-4",194,13,29,1
"1068",2020,"Mitrofania","Mit-5",194,14.8,0,0
"1069",2020,"Mitrofania","Mit-6",194,13.4,10,10
"1070",2020,"Fox","Fox-1",196,12.4,5,0
"1071",2020,"Fox","Fox-2",196,13.5,11,0
"1072",2020,"Fox","Fox-3",196,13.1,17,0
"1073",2020,"Fox","Fox-4",196,12.2,5,0
"1074",2020,"Fox","Fox-5",196,13.1,0,0
"1075",2020,"Balboa","BB-2",199,12.7,86,17
"1076",2020,"Balboa","BB-3",199,13,61,1
"1077",2020,"Balboa","BB-4",199,12.4,55,371
"1078",2020,"Balboa","BB-6",199,13.1,24,668
"1079",2020,"Balboa","BB-7",199,13.7,12,7
"1080",2020,"Falmouth","Fal-1",201,12.3,603,0
"1081",2020,"Falmouth","Fal-5",201,12.2,101,0
"1082",2020,"Falmouth","Fal-3",201,12,19,7
"1083",2020,"Falmouth","Fal-4",201,12,660,26
"1084",2020,"Falmouth","Fal-2",201,12.2,0,0
"1085",2020,"Sand Point","Sand-2",202,11.9,689,51
"1086",2020,"Sand Point","Sand-3",202,12.2,211,20
"1087",2020,"Baralof","Bar-2",205,11.2,59,11
"1088",2020,"Baralof","Bar-3",205,11,861,0
"1089",2020,"Baralof","Bar-4",205,11.1,33,0
"1090",2020,"Baralof","Bar-5",205,11,83,0
"1091",2020,"Baralof","Bar-1",205,11.5,77,2
"1092",2020,"Baralof","Bar-6",205,11.5,4,1
"1093",2020,"Rodman Reach","RR-1",210,13.6,16,66
"1094",2020,"Rodman Reach","RR-2",210,13.4,3,0
"1095",2020,"Rodman Reach","RR-4",210,12.9,22,67
"1096",2020,"Rodman Reach","RR-5",210,14.1,0,0
"1097",2020,"Rodman Reach","RR-6",210,14,6,0
"1098",2020,"Japanese","Jap-2",212,12.2,29,0
"1099",2020,"Japanese","Jap-3",212,11.8,332,0
"1100",2020,"Japanese","Jap-6",212,11.9,141,0
"1101",2020,"Japanese","Jap-1",212,12.6,45,0
"1102",2020,"Japanese","Jap-5",212,13.5,48,0
"1103",2020,"Japanese","Jap-4",212,13.1,167,0
"1104",2020,"Kaiugnak","Kai-1",214,12.1,44,0
"1105",2020,"Kaiugnak","Kai-2",214,12.1,636,0
"1106",2020,"Kaiugnak","Kai-6",214,11.9,221,0
"1107",2020,"Kaiugnak","Kai-3",214,11.3,238,0
"1108",2020,"Kaiugnak","Kai-7",214,11.9,5,0
"1109",2020,"Kaiugnak","Kai-4",214,12.2,231,0
"1110",2020,"Kiluida","Kilu-1",216,12.7,35,0
"1111",2020,"Kiluida","Kilu-2",216,12.7,12,0
"1112",2020,"Kiluida","Kilu-4",216,12.5,28,0
"1113",2020,"Kiluida","Kilu-6",216,12.5,101,0
"1114",2020,"Kiluida","Kilu-5",216,12.2,181,0
"1115",2020,"Kiluida","Kilu-3",216,12.8,11,0
"1116",2020,"Ugak","Ugak-2",220,13.7,0,0
"1117",2020,"Ugak","Ugak-3",220,13.8,0,0
"1118",2020,"Ugak","Ugak-4",220,12.6,2,0
"1119",2020,"Ugak","Ugak-8",220,13.2,0,0
"1120",2020,"Ugak","Ugak-5",220,13.1,0,0
"1121",2020,"Ugak","Ugak-6",220,13.5,7,0
"1122",2020,"Ugak","Ugak-7",220,13.8,0,0
